Model,Mean RMSE,Std RMSE,Delta (A-B),p (Wilcoxon),p (t-test)
Model A (no ball dest),1.625756048499026,0.016101395994443574,0.08407227845125687,7.6012306278837124e-06,1.408686597206183e-06
Model B (with ball dest),1.5416837700477692,0.02647513306041394,-0.08407227845125687,7.6012306278837124e-06,1.408686597206183e-06
