position,mean_rmse
SS,1.5368386203951547
LB,
CB,1.6821908399732861
FS,1.5514712757177125
