position,mean_rmse
SS,1.493476332709085
LB,
CB,1.6031547901682397
FS,1.510458729805806
